ID,Name,Price,"Quantity on Hand"
0,"Rose ebony Headboard",$222.99,59
1,"Liseran purple Dresser",$699.99,96
2,"Tango pink Sleeper Sofa","$1,279.99",84
3,"Mango Tango Crib",$289,14
4,"Middle green Ottoman",$52.99,88
5,"Artichoke Sofa",$649.99,64
6,"Dark sky blue Stool",$54.99,0
7,"Mango Tango Coffee Table",$200,24
8,"Scarlet Reclining Loveseat","$1,023.99",100
9,"Turtle green Storage Bench",$194.99,21
10,"Mimi pink Nightstand",$81.99,91
11,"Spring bud Sleeper Sofa","$1,279.99",50
12,"Middle purple Dining Chair",$89.99,52
13,"Light French beige Bench",$114.99,47
14,"Middle green Storage Bench",$194.99,57
15,"Maximum purple Crib",$289,84
16,"Hansa yellow Loveseat",$269.99,14
17,"Middle yellow Sofa",$649.99,93
18,"Rose Sofa",$649.99,99
19,"Selective yellow Crib",$289,72
20,"Sugar Plum Dresser",$699.99,87
21,"Light sea green Dining Chair",$89.99,33
22,"French violet Sectional","$1,039.99",35
23,"Medium carmine Crib",$289,93
24,"Shiny Shamrock Dining Table",$800,61
25,"Rose taupe Sleeper Sofa","$1,279.99",9
26,"Old gold Stool",$54.99,35
27,"Chocolate Dresser",$699.99,27
28,"Maximum red purple Stool",$54.99,42
29,"Chocolate Cosmos Dining Table",$800,51
30,"Orange Futon",$219.99,19
31,"Drab Storage Bench",$194.99,73
32,"Magenta Reclining Sofa","$1,119.99",22
33,"Lemon chiffon Daybed",$311.99,56
34,"Golden yellow Stool",$54.99,77
35,"Quick Silver Bench",$114.99,16
36,"Timberwolf grey Coffee Table",$200,77
37,"Deep cerise Reclining Loveseat","$1,023.99",54
38,"Orange-yellow Nightstand",$81.99,50
39,"Persian indigo Sectional","$1,039.99",59
40,"Dark pastel green Reclining Loveseat","$1,023.99",76
41,"Thistle grey Dining Chair",$89.99,77
42,"Apricot Reclining Loveseat","$1,023.99",44
43,"Key lime Headboard",$222.99,94
44,"Tuscan brown Headboard",$222.99,93
45,"Shadow grey Futon",$219.99,23
46,"Tea green Plant Stand",$42.99,10
47,"Mellow apricot Wardrobe",$719.99,48
48,"Harvest gold Stool",$54.99,93
49,"Maroon Plant Stand",$42.99,9
50,"Periwinkle Sofa",$649.99,30
51,"Mango Tango Plant Stand",$42.99,100
52,"Silver pink Sleeper Sofa","$1,279.99",80
53,"Persian indigo Wardrobe",$719.99,50
54,"Ming Stool",$54.99,89
55,"Peach Stool",$54.99,56
56,"Avocado Reclining Loveseat","$1,023.99",71
57,"Caribbean green Loveseat",$269.99,7
58,"Pistachio End Table",$39.99,46
59,"Winter Sky End Table",$39.99,27
60,"Morning blue Reclining Loveseat","$1,023.99",87
61,"Charleston green Sleeper Sofa","$1,279.99",52
62,"Sea green Stool",$54.99,75
63,"Maximum blue purple Reclining Sofa","$1,119.99",57
64,"Baby powder blue Reclining Sofa","$1,119.99",97
65,"Spanish orange Stool",$54.99,21
66,"Tuscan brown Coffee Table",$200,60
67,"Key lime Chaise Lounge",$235.99,100
68,"Venetian red Headboard",$222.99,54
69,"Eggshell Plant Stand",$42.99,70
70,"Bronze Chaise Lounge",$235.99,32
71,"Macaroni and Cheese Bed",$389.99,74
72,"Cocoa brown Crib",$289,84
73,"Cherry blossom pink Sofa",$649.99,48
74,"Tangerine Nightstand",$81.99,90
75,"Trypan Blue Storage Bench",$194.99,33
76,"Baby pink Loveseat",$269.99,72
77,"Lime green Coffee Table",$200,26
78,"Cotton candy Stool",$54.99,32
79,"Lion gold Dining Chair",$89.99,32
80,"Tuscan tan End Table",$39.99,32
81,"Green-blue Loveseat",$269.99,4
82,"Black bean Futon",$219.99,48
83,"Dark slate gray Ottoman",$52.99,79
84,"Café noir Futon",$219.99,26
85,"Tuscan red Wardrobe",$719.99,35
86,"Persian red Coffee Table",$200,61
87,"Medium orchid End Table",$39.99,1
88,"Mustard yellow Loveseat",$269.99,14
89,"Gold Bench",$114.99,32
90,"Sandy brown Futon",$219.99,74
91,"Indian red Sleeper Sofa","$1,279.99",47
92,"Deep saffron Sectional","$1,039.99",77
93,"Wood brown Sofa",$649.99,77
94,"Desert sand End Table",$39.99,77
95,"Coral Storage Bench",$194.99,90
96,"Chocolate Daybed",$311.99,1
97,"Bluetiful End Table",$39.99,61
98,"Morning blue Ottoman",$52.99,84
99,"Spanish viridian Bed",$389.99,32
100,"Gray Dining Table",$800,19
101,"Silver sand Dining Chair",$89.99,65
102,"Ultramarine Sofa",$649.99,19
103,"KSU purple End Table",$39.99,99
104,"Electric indigo Futon",$219.99,8
105,"Wheat gold Dresser",$699.99,56
106,"French bistre End Table",$39.99,20
107,"Bright green Futon",$219.99,33
108,"Razzle dazzle rose Headboard",$222.99,97
109,"Dark sky blue Wardrobe",$719.99,74
110,"Ochre Daybed",$311.99,63
111,"B'dazzled blue Ottoman",$52.99,67
112,"Lincoln green Wardrobe",$719.99,39
113,"Floral white Stool",$54.99,57
114,"Taupe gray Crib",$289,90
115,"Steel Teal End Table",$39.99,64
116,"Amazon green Stool",$54.99,85
117,"Electric green Dining Table",$800,32
118,"Trypan Blue End Table",$39.99,47
119,"Orange-red Headboard",$222.99,62
120,"Radical Red Dining Chair",$89.99,34
121,"Burnished brown Reclining Loveseat","$1,023.99",12
122,"Mexican pink Plant Stand",$42.99,81
123,"International Klein Blue Daybed",$311.99,100
124,"Strawberry Blonde Dining Table",$800,33
125,"Jet Dresser",$699.99,72
126,"Cinnabar Reclining Loveseat","$1,023.99",81
127,"Mountbatten pink Plant Stand",$42.99,48
128,"Medium slate blue Dresser",$699.99,84
129,"Citron End Table",$39.99,45
130,"Winter Sky Dining Table",$800,6
131,"Pullman Brown Reclining Loveseat","$1,023.99",94
132,"Electric blue Coffee Table",$200,17
133,"Rose madder Crib",$289,73
134,"Wild Strawberry Reclining Sofa","$1,119.99",96
135,"Red-violet Sofa",$649.99,63
136,"Black bean Coffee Table",$200,1
137,"French pink Reclining Sofa","$1,119.99",33
138,"Brandy Sofa",$649.99,74
139,"Tan Dining Chair",$89.99,70
140,"English lavender Crib",$289,37
141,"Ocean Blue Chaise Lounge",$235.99,37
142,"Frostbite pink End Table",$39.99,85
143,"Silver Sleeper Sofa","$1,279.99",9
144,"Dark jungle green Bench",$114.99,3
145,"Alice blue Dresser",$699.99,36
146,"French lime Futon",$219.99,66
147,"Cocoa brown Nightstand",$81.99,45
148,"Candy pink Stool",$54.99,0
149,"Dark sky blue Coffee Table",$200,73
150,"Mauve taupe End Table",$39.99,87
151,"Blue bell End Table",$39.99,33
152,"Pale pink Crib",$289,16
153,"Cyber yellow Wardrobe",$719.99,14
154,"Jazzberry jam Headboard",$222.99,47
155,"Rubine red Sleeper Sofa","$1,279.99",12
156,"Sand Sectional","$1,039.99",48
157,"Apricot Sectional","$1,039.99",91
158,"Pale Dogwood Nightstand",$81.99,45
159,"Bud green Coffee Table",$200,38
160,"Chinese violet Nightstand",$81.99,64
161,"Dark jungle green Chaise Lounge",$235.99,57
162,"Dark goldenrod Reclining Sofa","$1,119.99",95
163,"Sunray gold Bench",$114.99,25
164,"Light steel blue Chaise Lounge",$235.99,32
165,"Magenta haze Reclining Sofa","$1,119.99",6
166,"Jet Sofa",$649.99,78
167,"Papaya whip Headboard",$222.99,38
168,"Magic mint Plant Stand",$42.99,44
169,"Earth yellow Wardrobe",$719.99,14
170,"Raw sienna Coffee Table",$200,63
171,"Fiery rose Bed",$389.99,80
172,"Alice blue End Table",$39.99,56
173,"Mantis green Nightstand",$81.99,14
174,"Bluetiful Headboard",$222.99,16
175,"Brandy Plant Stand",$42.99,2
176,"Apple green Futon",$219.99,29
177,"Sheen green Coffee Table",$200,94
178,"Mystic maroon Dining Table",$800,14
179,"Mellow apricot Crib",$289,36
180,"Burgundy Dining Table",$800,94
181,"Old silver Ottoman",$52.99,26
182,"Jungle green Sleeper Sofa","$1,279.99",66
183,"Old silver Futon",$219.99,84
184,"Silver pink Loveseat",$269.99,22
185,"Spanish red Stool",$54.99,70
186,"Mint green Ottoman",$52.99,55
187,"Apricot Sofa",$649.99,12
188,"French blue Bed",$389.99,25
189,"Electric green Sectional","$1,039.99",72
190,"Pale silver Reclining Sofa","$1,119.99",14
191,"Seal brown Sectional","$1,039.99",55
192,"Space cadet blue Reclining Sofa","$1,119.99",33
193,"Gold End Table",$39.99,9
194,"Blast-off bronze Loveseat",$269.99,16
195,"Mint green End Table",$39.99,79
196,"Wild Strawberry Reclining Loveseat","$1,023.99",3
197,"Wine dregs maroon Wardrobe",$719.99,48
198,"Vivid sky blue Plant Stand",$42.99,21
199,"Paolo Veronese green Sectional","$1,039.99",100
200,"Sonic silver Bench",$114.99,8
201,"Dark violet Sectional","$1,039.99",22
202,"Pink lavender Dining Table",$800,71
203,"Arctic lime Loveseat",$269.99,76
204,"Citron Daybed",$311.99,79
205,"Cadmium orange Futon",$219.99,47
206,"Saffron Futon",$219.99,15
207,"Mimi pink Reclining Sofa","$1,119.99",88
208,"Cream Ottoman",$52.99,73
209,"Columbia Blue Daybed",$311.99,23
210,"Chili red Futon",$219.99,19
211,"French beige Reclining Sofa","$1,119.99",17
212,"Kombu green Bed",$389.99,50
213,"French blue Wardrobe",$719.99,64
214,"Spanish red Wardrobe",$719.99,85
215,"UP Forest green Daybed",$311.99,36
216,"Green Dresser",$699.99,42
217,"Vegas gold Stool",$54.99,51
218,"Purple pizzazz Crib",$289,19
219,"Alice blue Storage Bench",$194.99,53
220,"Chili red Chaise Lounge",$235.99,54
221,"Rifle green Sectional","$1,039.99",30
222,"Robin egg blue Bench",$114.99,64
223,"Crimson Dresser",$699.99,51
224,"Lime Loveseat",$269.99,58
225,"Han blue Headboard",$222.99,53
226,"Wine red Loveseat",$269.99,24
227,"Medium purple Daybed",$311.99,30
228,"Bottle green Reclining Loveseat","$1,023.99",79
229,"Slate gray Sectional","$1,039.99",99
230,"Golden yellow Dining Table",$800,19
231,"Middle purple Reclining Sofa","$1,119.99",2
232,"Hunter green Headboard",$222.99,85
233,"Mandarin Ottoman",$52.99,55
234,"Old gold Chaise Lounge",$235.99,87
235,"Lawn green Coffee Table",$200,61
236,"Baby blue Headboard",$222.99,40
237,"Sap green Dining Table",$800,14
238,"University of Pennsylvania red Sleeper Sofa","$1,279.99",11
239,"Palatinate purple Loveseat",$269.99,45
240,"Light periwinkle Loveseat",$269.99,96
241,"Rosy brown Reclining Sofa","$1,119.99",60
242,"Dark slate blue Dining Table",$800,15
243,"Orchid Dining Table",$800,42
244,"Light green Plant Stand",$42.99,77
245,"Orchid pink Dining Chair",$89.99,46
246,"Copper Reclining Sofa","$1,119.99",15
247,"Blue yonder Daybed",$311.99,4
248,"Dark orange Wardrobe",$719.99,46
249,"Light salmon Ottoman",$52.99,81
250,"Blue jeans Sleeper Sofa","$1,279.99",45
251,"Cyber yellow Coffee Table",$200,11
252,"Carolina blue Daybed",$311.99,90
253,"Android green Stool",$54.99,58
254,"Deep saffron Crib",$289,36
255,"Ivory Loveseat",$269.99,6
256,"Little boy blue Headboard",$222.99,34
257,"Steel blue Dresser",$699.99,37
258,"Thulian pink Wardrobe",$719.99,65
259,"Lemon meringue Ottoman",$52.99,82
260,"Black Stool",$54.99,79
261,"Mint green Daybed",$311.99,27
262,"Heliotrope Bench",$114.99,28
263,"Dark sea green Dining Table",$800,62
264,"Steel Teal Sleeper Sofa","$1,279.99",39
265,"Medium candy apple red Stool",$54.99,94
266,"French sky blue Plant Stand",$42.99,58
267,"Magenta haze Stool",$54.99,94
268,"Dark chocolate Wardrobe",$719.99,65
269,"Sea green Bed",$389.99,49
270,"Dark slate gray Nightstand",$81.99,2
271,"Caribbean green Bench",$114.99,57
272,"Honeydew Headboard",$222.99,19
273,"Cornell red Reclining Loveseat","$1,023.99",73
274,"Lava Chaise Lounge",$235.99,2
275,"Khaki Sleeper Sofa","$1,279.99",1
276,"Light blue Sectional","$1,039.99",8
277,"Tuscan red Dining Chair",$89.99,53
278,"Upsdell red Coffee Table",$200,15
279,"Electric indigo Daybed",$311.99,29
280,"Rosewood Ottoman",$52.99,36
281,"Russet brown Sofa",$649.99,84
282,"Heliotrope Bed",$389.99,11
283,"Maximum green yellow Daybed",$311.99,64
284,"Uranian blue Storage Bench",$194.99,80
285,"Khaki Nightstand",$81.99,63
286,"Lilac Luster Ottoman",$52.99,63
287,"African violet Reclining Sofa","$1,119.99",47
288,"Non-photo blue Sofa",$649.99,22
289,"Unbleached silk Dining Chair",$89.99,18
290,"New York pink End Table",$39.99,48
291,"Rose pink Headboard",$222.99,77
292,"Jade Reclining Loveseat","$1,023.99",14
293,"Magnolia Storage Bench",$194.99,5
294,"OU Crimson red Coffee Table",$200,80
295,"Light goldenrod yellow Chaise Lounge",$235.99,27
296,"Manatee grey Stool",$54.99,44
297,"Piggy pink Reclining Sofa","$1,119.99",21
298,"Fluorescent blue Bed",$389.99,94
299,"Imperial red Ottoman",$52.99,5
300,"Carnation pink Dining Chair",$89.99,58
301,"Army green Chaise Lounge",$235.99,49
302,"Van Dyke brown Dining Chair",$89.99,82
303,"Dark electric blue Loveseat",$269.99,75
304,"Big dip o’ruby Storage Bench",$194.99,92
305,"Violet-red Loveseat",$269.99,6
306,"Non-photo blue Daybed",$311.99,3
307,"Cardinal Plant Stand",$42.99,59
308,"Taupe gray Coffee Table",$200,13
309,"Red-purple Coffee Table",$200,75
310,"Purple mountain majesty Wardrobe",$719.99,85
311,"Green-cyan Dining Chair",$89.99,46
312,"Ruby Sofa",$649.99,77
313,"Antique bronze Dining Chair",$89.99,9
314,"Ebony Headboard",$222.99,71
315,"Cardinal Loveseat",$269.99,47
316,"Ivory Reclining Loveseat","$1,023.99",30
317,"Pale silver Reclining Sofa","$1,119.99",64
318,"Avocado Plant Stand",$42.99,59
319,"Pink Sherbet Dresser",$699.99,99
320,"Screamin' Green Crib",$289,20
321,"Champagne pink Headboard",$222.99,99
322,"Congo pink Sofa",$649.99,33
323,"Amethyst Futon",$219.99,13
324,"Eggplant Bench",$114.99,78
325,"Tuscan red Futon",$219.99,35
326,"Rebecca Purple Daybed",$311.99,5
327,"Brandy Wardrobe",$719.99,4
328,"Neon green Bench",$114.99,37
329,"Fiery rose Dresser",$699.99,29
330,"Copper rose Sofa",$649.99,24
331,"Rusty red Stool",$54.99,12
332,"Spanish gray Storage Bench",$194.99,3
333,"Rose bonbon End Table",$39.99,21
334,"Spanish orange Loveseat",$269.99,40
335,"Vivid sky blue End Table",$39.99,58
336,"Flame Wardrobe",$719.99,42
337,"Azure Dining Chair",$89.99,91
338,"Shiny Shamrock Crib",$289,30
339,"Dark orchid Dresser",$699.99,81
340,"Unmellow yellow Plant Stand",$42.99,2
341,"Spanish pink Dresser",$699.99,29
342,"Lime End Table",$39.99,42
343,"Light gray Plant Stand",$42.99,46
344,"Navajo white Sofa",$649.99,45
345,"Orange peel Headboard",$222.99,99
346,"Trypan Blue Reclining Loveseat","$1,023.99",27
347,"Prussian blue Coffee Table",$200,47
348,"Indigo dye Crib",$289,65
349,"Safety yellow Nightstand",$81.99,20
350,"Blue-violet Bed",$389.99,84
351,"UP maroon Sectional","$1,039.99",47
352,"Burnished brown Coffee Table",$200,40
353,"Persian red Dining Chair",$89.99,58
354,"French raspberry Coffee Table",$200,93
355,"Vermilion Chaise Lounge",$235.99,27
356,"Navy blue Headboard",$222.99,93
357,"French lime Dresser",$699.99,96
358,"Azure End Table",$39.99,71
359,"Tyrian purple Sofa",$649.99,1
360,"Asparagus green Sleeper Sofa","$1,279.99",42
361,"MSU green Plant Stand",$42.99,94
362,"Taupe Chaise Lounge",$235.99,44
363,"Aero blue Plant Stand",$42.99,98
364,"Sage green Storage Bench",$194.99,24
365,"Star command blue Ottoman",$52.99,55
366,"Light periwinkle Bench",$114.99,20
367,"Light slate gray Sofa",$649.99,15
368,"Sand Sofa",$649.99,86
369,"Chinese red Daybed",$311.99,6
370,"Metallic Sunburst Plant Stand",$42.99,50
371,"Carolina blue Reclining Sofa","$1,119.99",83
372,"Pale spring bud Stool",$54.99,61
373,"Sand Sleeper Sofa","$1,279.99",6
374,"Terra cotta Wardrobe",$719.99,4
375,"Cobalt blue Plant Stand",$42.99,96
376,"Old silver End Table",$39.99,74
377,"Vanilla Nightstand",$81.99,76
378,"Mauve taupe Headboard",$222.99,7
379,"Selective yellow Storage Bench",$194.99,48
380,"Satin sheen gold Wardrobe",$719.99,79
381,"Dartmouth green Futon",$219.99,16
382,"Hunter green Chaise Lounge",$235.99,96
383,"Electric purple Nightstand",$81.99,31
384,"Caribbean green End Table",$39.99,35
385,"Tuscan tan Bed",$389.99,16
386,"Manatee grey Bed",$389.99,68
387,"Sage green Loveseat",$269.99,31
388,"Maximum blue Plant Stand",$42.99,26
389,"Indigo dye Dresser",$699.99,90
390,"Saddle brown Loveseat",$269.99,5
391,"Rusty red Stool",$54.99,87
392,"Sheen green Reclining Loveseat","$1,023.99",46
393,"Rose red Chaise Lounge",$235.99,10
394,"Bright maroon Storage Bench",$194.99,66
395,"Persian orange Wardrobe",$719.99,25
396,"Wild Strawberry Headboard",$222.99,17
397,"Deep pink Reclining Sofa","$1,119.99",74
398,"Papaya whip Sleeper Sofa","$1,279.99",8
399,"Venetian red End Table",$39.99,51
400,"Silver Dining Table",$800,97
401,"Antique white Reclining Loveseat","$1,023.99",90
402,"Pear Wardrobe",$719.99,55
403,"China pink Dining Table",$800,63
404,"Razzmatazz Reclining Sofa","$1,119.99",7
405,"French rose Crib",$289,75
406,"Wild blue yonder Wardrobe",$719.99,96
407,"English violet Futon",$219.99,87
408,"Crimson Ottoman",$52.99,62
409,"Dark purple Plant Stand",$42.99,74
410,"Yellow-green Sofa",$649.99,76
411,"French bistre Crib",$289,43
412,"Royal blue Sectional","$1,039.99",37
413,"Razzmic Berry Reclining Sofa","$1,119.99",9
414,"Salmon pink Coffee Table",$200,91
415,"Bleu de France Dresser",$699.99,18
416,"Old silver Wardrobe",$719.99,7
417,"Purple mountain majesty Headboard",$222.99,61
418,"Wine dregs maroon Stool",$54.99,33
419,"Tumbleweed brown Chaise Lounge",$235.99,65
420,"Chrome yellow Nightstand",$81.99,58
421,"French pink Sleeper Sofa","$1,279.99",10
422,"Wine red Reclining Loveseat","$1,023.99",15
423,"Pink lace Dining Chair",$89.99,74
424,"Deep taupe Sofa",$649.99,9
425,"Opal Nightstand",$81.99,78
426,"Brown sugar Plant Stand",$42.99,29
427,"Middle blue Sofa",$649.99,62
428,"Seal brown Loveseat",$269.99,51
429,"Lemon chiffon Reclining Loveseat","$1,023.99",98
430,"Quick Silver Plant Stand",$42.99,43
431,"Fluorescent blue Bed",$389.99,74
432,"Magenta haze Sectional","$1,039.99",51
433,"Pumpkin Chaise Lounge",$235.99,1
434,"Old silver Coffee Table",$200,20
435,"Goldenrod Coffee Table",$200,3
436,"MSU green Stool",$54.99,42
437,"Light yellow Dresser",$699.99,70
438,"Turquoise green Crib",$289,53
439,"Rose taupe Sleeper Sofa","$1,279.99",26
440,"Persian rose Ottoman",$52.99,50
441,"Onyx Futon",$219.99,81
442,"Light yellow Sofa",$649.99,46
443,"Violet-blue Ottoman",$52.99,31
444,"Cameo pink Bed",$389.99,3
445,"Dark magenta Dining Table",$800,37
446,"Opera mauve Reclining Loveseat","$1,023.99",78
447,"Sea green Dining Table",$800,5
448,"Carrot orange Coffee Table",$200,6
449,"Spanish gray Ottoman",$52.99,36
450,"Titanium yellow Stool",$54.99,58
451,"Gold Dining Chair",$89.99,79
452,"Metallic gold Storage Bench",$194.99,70
453,"Myrtle Sofa",$649.99,79
454,"Star command blue Sleeper Sofa","$1,279.99",23
455,"Rose vale Reclining Sofa","$1,119.99",3
456,"Mexican pink Dining Table",$800,61
457,"Eggshell Bench",$114.99,57
458,"Dark lava Dining Chair",$89.99,49
459,"Dark sky blue Wardrobe",$719.99,35
460,"Tufts blue Dresser",$699.99,76
461,"Illuminating emerald Sectional","$1,039.99",26
462,"Alice blue Sectional","$1,039.99",79
463,"Cosmic latte Plant Stand",$42.99,46
464,"Dark spring green Wardrobe",$719.99,0
465,"Tuscan tan Dresser",$699.99,42
466,"Dark khaki Bed",$389.99,24
467,"OU Crimson red Sofa",$649.99,42
468,"Mystic maroon Nightstand",$81.99,59
469,"Thulian pink Chaise Lounge",$235.99,67
470,"Turquoise blue Dresser",$699.99,0
471,"Black bean Headboard",$222.99,80
472,"Fandango pink Sleeper Sofa","$1,279.99",9
473,"Cyan Crib",$289,68
474,"Cerulean Bed",$389.99,51
475,"Mint Reclining Sofa","$1,119.99",98
476,"Umber Dining Table",$800,33
477,"Jazzberry jam Sofa",$649.99,33
478,"Phthalo green Headboard",$222.99,56
479,"Maximum yellow Crib",$289,92
480,"Fire engine red Nightstand",$81.99,4
481,"Brink pink Reclining Sofa","$1,119.99",31
482,"Burnt umber Chaise Lounge",$235.99,1
483,"Timberwolf grey Coffee Table",$200,1
484,"Nickel Sectional","$1,039.99",76
485,"Spring bud Dresser",$699.99,48
486,"Lion gold Futon",$219.99,68
487,"Steel blue Dresser",$699.99,86
488,"Maximum purple Reclining Sofa","$1,119.99",62
489,"Ruby Nightstand",$81.99,86
490,"Yale Blue Nightstand",$81.99,58
491,"Old rose Dining Table",$800,14
492,"Dark purple Storage Bench",$194.99,38
493,"Cerulean frost Sleeper Sofa","$1,279.99",45
494,"Forest green Wardrobe",$719.99,56
495,"Rebecca Purple Stool",$54.99,49
496,"Indigo Chaise Lounge",$235.99,93
497,"Dark goldenrod Dining Table",$800,1
498,"Persian green Reclining Sofa","$1,119.99",87
499,"Green Storage Bench",$194.99,64
500,"Red Salsa Bed",$389.99,17
501,"Aquamarine Wardrobe",$719.99,36
502,"Bright green Dresser",$699.99,4
503,"Bistre brown Storage Bench",$194.99,15
504,"Emerald Loveseat",$269.99,37
505,"Dark salmon Bench",$114.99,57
506,"Vermilion Sofa",$649.99,8
507,"Neon green Bed",$389.99,9
508,"Timberwolf grey Crib",$289,16
509,"Shocking pink Crib",$289,27
510,"Portland Orange Sleeper Sofa","$1,279.99",15
511,"Deep saffron Dining Chair",$89.99,75
512,"Candy apple red Sofa",$649.99,87
513,"Neon fuchsia Sleeper Sofa","$1,279.99",99
514,"Raw sienna Reclining Loveseat","$1,023.99",39
515,"Teal blue Crib",$289,20
516,"Electric blue Stool",$54.99,21
517,"Sage green Bench",$114.99,14
518,"YInMn Blue Wardrobe",$719.99,30
519,"Black Dresser",$699.99,47
520,"China pink Nightstand",$81.99,26
521,"Slate gray Nightstand",$81.99,53
522,"Metallic Sunburst Chaise Lounge",$235.99,96
523,"Dark slate gray Sectional","$1,039.99",5
524,"Sky magenta Bench",$114.99,78
525,"Navy blue Loveseat",$269.99,40
526,"Cherry blossom pink Loveseat",$269.99,20
527,"Spanish carmine Sleeper Sofa","$1,279.99",13
528,"Shadow blue Chaise Lounge",$235.99,88
529,"USAFA blue Sofa",$649.99,3
530,"Dark sea green Storage Bench",$194.99,29
531,"Ultra red Dining Chair",$89.99,4
532,"Blue-green Sleeper Sofa","$1,279.99",77
533,"Mountbatten pink Reclining Sofa","$1,119.99",62
534,"Steel Teal Coffee Table",$200,81
535,"Eggplant Bed",$389.99,87
536,"Pearly purple Storage Bench",$194.99,21
537,"Misty rose Bench",$114.99,88
538,"Tangerine Sectional","$1,039.99",91
539,"Mango Tango Dresser",$699.99,36
540,"Light slate gray Dining Chair",$89.99,23
541,"Pewter Blue Dining Chair",$89.99,76
542,"Twilight lavender Bench",$114.99,34
543,"Amaranth red Reclining Sofa","$1,119.99",1
544,"Aqua End Table",$39.99,9
545,"Sunset Ottoman",$52.99,27
546,"Maximum red purple Reclining Loveseat","$1,023.99",89
547,"Harvest gold Crib",$289,82
548,"Persian plum Ottoman",$52.99,18
549,"Bronze Sleeper Sofa","$1,279.99",43
550,"Vivid tangerine Plant Stand",$42.99,38
551,"Opera mauve Dresser",$699.99,89
552,"Umber Sofa",$649.99,96
553,"Purple Crib",$289,41
554,"Piggy pink Nightstand",$81.99,69
555,"Light sea green Reclining Sofa","$1,119.99",10
556,"Lapis lazuli Crib",$289,19
557,"Lemon chiffon Bed",$389.99,75
558,"Wild Strawberry Dresser",$699.99,42
559,"Marigold Reclining Loveseat","$1,023.99",57
560,"Wine red Futon",$219.99,80
561,"Pink lavender Loveseat",$269.99,25
562,"Ocean Blue Futon",$219.99,20
563,"Burnt orange Loveseat",$269.99,34
564,"Golden brown Nightstand",$81.99,47
565,"Magic mint Dresser",$699.99,8
566,"Lime green Dining Chair",$89.99,30
567,"Caribbean green Plant Stand",$42.99,42
568,"Blue Chaise Lounge",$235.99,65
569,"Iceberg Chaise Lounge",$235.99,94
570,"True Blue Nightstand",$81.99,21
571,"Spanish red Bench",$114.99,50
572,"Electric violet Coffee Table",$200,50
573,"Mountain Meadow green Dining Table",$800,78
574,"Light sky blue Wardrobe",$719.99,74
575,"Blue bell Wardrobe",$719.99,52
576,"Blue Loveseat",$269.99,18
577,"Dark violet Reclining Loveseat","$1,023.99",60
578,"Cinnabar Headboard",$222.99,38
579,"Canary Dining Chair",$89.99,9
580,"Laser lemon End Table",$39.99,63
581,"Lapis lazuli Sleeper Sofa","$1,279.99",78
582,"Unmellow yellow Dresser",$699.99,5
583,"Pewter Blue Bed",$389.99,65
584,"Pistachio End Table",$39.99,99
585,"Lava Dining Table",$800,71
586,"Redwood Wardrobe",$719.99,41
587,"Redwood Stool",$54.99,84
588,"Vivid burgundy Plant Stand",$42.99,15
589,"Persian green Nightstand",$81.99,81
590,"Desert sand Dresser",$699.99,75
591,"Sweet Brown Ottoman",$52.99,79
592,"Rose madder Sofa",$649.99,67
593,"Japanese violet Coffee Table",$200,24
594,"Italian sky blue Headboard",$222.99,9
595,"Golden brown Loveseat",$269.99,36
596,"Middle purple Loveseat",$269.99,0
597,"Blast-off bronze Sleeper Sofa","$1,279.99",22
598,"Dark electric blue Loveseat",$269.99,49
599,"Amethyst Ottoman",$52.99,16
600,"Mint green Nightstand",$81.99,36
601,"Chinese violet Bed",$389.99,55
602,"Raisin black Bed",$389.99,52
603,"Dark chocolate Reclining Sofa","$1,119.99",35
604,"Lemon glacier Nightstand",$81.99,12
605,"Naples yellow Dining Chair",$89.99,22
606,"British racing green End Table",$39.99,34
607,"Lapis lazuli Sectional","$1,039.99",66
608,"Cobalt blue Nightstand",$81.99,35
609,"Lilac Luster Reclining Loveseat","$1,023.99",7
610,"Warm black Dining Chair",$89.99,13
611,"Princeton orange Sectional","$1,039.99",22
612,"Dark khaki Wardrobe",$719.99,94
613,"Green Lizard Dresser",$699.99,55
614,"Maximum red purple Ottoman",$52.99,44
615,"Lawn green Nightstand",$81.99,99
616,"True Blue End Table",$39.99,27
617,"Schauss pink Chaise Lounge",$235.99,83
618,"Mahogany Dining Table",$800,37
619,"Sweet Brown Futon",$219.99,74
620,"Maximum red purple Bed",$389.99,62
621,"Pictorial carmine Nightstand",$81.99,49
622,"Sand dune Nightstand",$81.99,85
623,"Hunter green Reclining Loveseat","$1,023.99",27
624,"Light slate gray Bench",$114.99,94
625,"Auburn Sectional","$1,039.99",93
626,"Alice blue Bed",$389.99,76
627,"Mauvelous Daybed",$311.99,98
628,"Salmon pink Storage Bench",$194.99,9
629,"Candy pink Nightstand",$81.99,26
630,"Wild blue yonder Coffee Table",$200,49
631,"Pacific blue Storage Bench",$194.99,39
632,"Granite gray Dresser",$699.99,59
633,"Dark khaki End Table",$39.99,11
634,"Medium orchid Sectional","$1,039.99",7
635,"Van Dyke brown Coffee Table",$200,81
636,"Harvard Crimson Reclining Sofa","$1,119.99",35
637,"Nickel End Table",$39.99,39
638,"Steel pink Sleeper Sofa","$1,279.99",54
639,"Cadmium red Wardrobe",$719.99,98
640,"Rebecca Purple Sectional","$1,039.99",83
641,"Brandy Ottoman",$52.99,70
642,"Honeydew Coffee Table",$200,48
643,"Spanish sky blue Loveseat",$269.99,51
644,"Green-blue Headboard",$222.99,7
645,"Salmon pink Bench",$114.99,25
646,"Egyptian blue Dining Table",$800,7
647,"Salmon Nightstand",$81.99,32
648,"Wisteria purple Reclining Loveseat","$1,023.99",70
649,"Blue-violet Stool",$54.99,74
650,"Bottle green Crib",$289,15
651,"Steel pink Sofa",$649.99,46
652,"Coyote brown Stool",$54.99,60
653,"Bright green Dining Table",$800,72
654,"Dark turquoise Sectional","$1,039.99",55
655,"British racing green Stool",$54.99,21
656,"Cool grey Ottoman",$52.99,70
657,"Cadet blue Dining Chair",$89.99,52
658,"Hollywood cerise Sectional","$1,039.99",67
659,"Cadet grey Sleeper Sofa","$1,279.99",56
660,"Mikado yellow Bed",$389.99,17
661,"Egyptian blue Plant Stand",$42.99,21
662,"Steel Teal Sleeper Sofa","$1,279.99",64
663,"Mulberry Reclining Sofa","$1,119.99",74
664,"Fluorescent blue Dresser",$699.99,71
665,"China rose Coffee Table",$200,78
666,"Psychedelic purple Reclining Sofa","$1,119.99",17
667,"Wild Strawberry Storage Bench",$194.99,62
668,"Dark slate gray End Table",$39.99,9
669,"Charm pink Futon",$219.99,17
670,"Midnight blue Bed",$389.99,55
671,"Citrine Chaise Lounge",$235.99,12
672,"Teal blue Futon",$219.99,15
673,"Light salmon Stool",$54.99,60
674,"Ultra pink Bench",$114.99,31
675,"Selective yellow Crib",$289,52
676,"Blue bell Sofa",$649.99,48
677,"Bright green Chaise Lounge",$235.99,21
678,"Dark lava Futon",$219.99,47
679,"Emerald Ottoman",$52.99,59
680,"Cadmium yellow End Table",$39.99,22
681,"Indigo dye Coffee Table",$200,87
682,"Fern green Wardrobe",$719.99,70
683,"Cornflower blue Dining Chair",$89.99,42
684,"Fuzzy Wuzzy brown Headboard",$222.99,49
685,"Maximum red purple Dining Chair",$89.99,55
686,"Light salmon Storage Bench",$194.99,92
687,"Battleship grey Chaise Lounge",$235.99,3
688,"Forest green Headboard",$222.99,34
689,"Ultramarine Wardrobe",$719.99,94
690,"Phthalo blue Reclining Loveseat","$1,023.99",58
691,"Brick red Crib",$289,70
692,"UP maroon Daybed",$311.99,7
693,"Plump Purple Sectional","$1,039.99",78
694,"Cobalt blue Bench",$114.99,8
695,"Winter Sky End Table",$39.99,7
696,"Coyote brown Stool",$54.99,91
697,"Light periwinkle Daybed",$311.99,39
698,"Maximum blue purple Dresser",$699.99,9
699,"Spanish pink Chaise Lounge",$235.99,98
700,"Dutch white Dining Table",$800,4
701,"Cosmic cobalt Storage Bench",$194.99,59
702,"Cosmic cobalt Chaise Lounge",$235.99,10
703,"Italian sky blue Dining Table",$800,0
704,"Satin sheen gold Headboard",$222.99,36
705,"Purple navy End Table",$39.99,76
706,"Flame Dining Table",$800,99
707,"Ming Sofa",$649.99,20
708,"Green Sleeper Sofa","$1,279.99",35
709,"Blanched almond Reclining Loveseat","$1,023.99",45
710,"Dark chocolate Bed",$389.99,79
711,"Morning blue Reclining Sofa","$1,119.99",52
712,"Orange peel Sofa",$649.99,46
713,"White Headboard",$222.99,6
714,"Japanese carmine Sectional","$1,039.99",39
715,"Metallic Sunburst Wardrobe",$719.99,67
716,"Nickel Chaise Lounge",$235.99,57
717,"Pale pink Sleeper Sofa","$1,279.99",62
718,"Glossy grape Dining Table",$800,40
719,"Spanish orange End Table",$39.99,15
720,"Tea green Plant Stand",$42.99,0
721,"Canary Sleeper Sofa","$1,279.99",31
722,"Sacramento State green Sofa",$649.99,60
723,"Unmellow yellow Sectional","$1,039.99",54
724,"Pear Coffee Table",$200,5
725,"Coyote brown Reclining Sofa","$1,119.99",84
726,"UA blue Crib",$289,93
727,"Tuscan tan Sectional","$1,039.99",19
728,"Lawn green End Table",$39.99,56
729,"Coral Ottoman",$52.99,14
730,"Bud green Plant Stand",$42.99,49
731,"Mint cream Wardrobe",$719.99,81
732,"Ultra pink Storage Bench",$194.99,3
733,"Sizzling Red Futon",$219.99,6
734,"Pumpkin Chaise Lounge",$235.99,62
735,"Wine red Bench",$114.99,66
736,"Purple Dresser",$699.99,95
737,"Dark jungle green Dining Table",$800,16
738,"Asparagus green Plant Stand",$42.99,44
739,"Turquoise Wardrobe",$719.99,72
740,"Apricot Coffee Table",$200,88
741,"Steel pink Crib",$289,52
742,"Flame Stool",$54.99,0
743,"Sap green Plant Stand",$42.99,84
744,"Rose vale Sectional","$1,039.99",51
745,"Nadeshiko pink Headboard",$222.99,17
746,"Blaze orange Daybed",$311.99,37
747,"Unmellow yellow Dining Chair",$89.99,42
748,"Apricot Plant Stand",$42.99,32
749,"Tumbleweed brown Stool",$54.99,36
750,"Ebony Crib",$289,31
751,"Celadon blue Dining Chair",$89.99,87
752,"Asparagus green Bed",$389.99,50
753,"Cameo pink Storage Bench",$194.99,92
754,"Mango Loveseat",$269.99,5
755,"Pewter Blue Loveseat",$269.99,100
756,"Pink Sherbet Stool",$54.99,0
757,"Rojo Spanish red Dining Table",$800,46
758,"Granite gray Nightstand",$81.99,36
759,"Pakistan green Ottoman",$52.99,85
760,"British racing green Sectional","$1,039.99",73
761,"Flax Reclining Sofa","$1,119.99",63
762,"Bluetiful Wardrobe",$719.99,50
763,"Middle purple Daybed",$311.99,57
764,"Selective yellow Dining Table",$800,36
765,"Vegas gold Daybed",$311.99,2
766,"Maximum yellow Reclining Loveseat","$1,023.99",51
767,"Desert Storage Bench",$194.99,84
768,"Old mauve Headboard",$222.99,7
769,"Dark slate gray Daybed",$311.99,8
770,"Metallic Seaweed Ottoman",$52.99,99
771,"Wine dregs maroon Wardrobe",$719.99,1
772,"Amazon green Dining Chair",$89.99,50
773,"Dark slate gray Dining Table",$800,75
774,"Deep jungle green Nightstand",$81.99,88
775,"St. Patrick's blue Stool",$54.99,26
776,"Raspberry rose Bed",$389.99,64
777,"Dark brown Dining Chair",$89.99,0
778,"Indigo Chaise Lounge",$235.99,51
779,"Silver Sofa",$649.99,23
780,"Wild Strawberry Sectional","$1,039.99",36
781,"Tea green Stool",$54.99,50
782,"Carrot orange Storage Bench",$194.99,75
783,"Light coral Sectional","$1,039.99",4
784,"Cedar Chest Coffee Table",$200,57
785,"Lavender Coffee Table",$200,97
786,"Blue bell Bench",$114.99,20
787,"Steel pink Bed",$389.99,95
788,"Black Loveseat",$269.99,75
789,"Café au lait Futon",$219.99,33
790,"Pakistan green Dresser",$699.99,52
791,"Field drab Chaise Lounge",$235.99,76
792,"African violet Reclining Loveseat","$1,023.99",0
793,"Dark slate blue Dresser",$699.99,3
794,"Dark magenta Storage Bench",$194.99,10
795,"Fiery rose Sofa",$649.99,11
796,"Antique bronze End Table",$39.99,51
797,"Chestnut Headboard",$222.99,98
798,"Bluetiful Reclining Loveseat","$1,023.99",9
799,"Medium purple Chaise Lounge",$235.99,94
800,"Lemon yellow Sleeper Sofa","$1,279.99",8
801,"Pansy purple Plant Stand",$42.99,63
802,"Blue yonder Sleeper Sofa","$1,279.99",4
803,"Lavender Bench",$114.99,10
804,"Electric green Dresser",$699.99,32
805,"Chestnut Bed",$389.99,61
806,"Vanilla Bed",$389.99,16
807,"Spring bud Storage Bench",$194.99,100
808,"Laurel green Coffee Table",$200,47
809,"Mikado yellow Sleeper Sofa","$1,279.99",99
810,"Dark turquoise Dining Chair",$89.99,41
811,"French bistre Loveseat",$269.99,66
812,"Tumbleweed brown Storage Bench",$194.99,16
813,"Metallic Sunburst Coffee Table",$200,44
814,"Pale silver Crib",$289,99
815,"Japanese carmine Reclining Sofa","$1,119.99",97
816,"Indian yellow Headboard",$222.99,35
817,"Burgundy Loveseat",$269.99,51
818,"Persian red Sectional","$1,039.99",81
819,"Seashell Reclining Sofa","$1,119.99",95
820,"Light salmon Reclining Loveseat","$1,023.99",15
821,"Cadet grey Loveseat",$269.99,3
822,"Pale purple End Table",$39.99,9
823,"Emerald End Table",$39.99,77
824,"Royal yellow Futon",$219.99,73
825,"Spanish carmine Stool",$54.99,92
826,"Neon Carrot Nightstand",$81.99,76
827,"Spanish sky blue End Table",$39.99,78
828,"Wintergreen Dream Bed",$389.99,46
829,"Sonic silver Coffee Table",$200,98
830,"British racing green Nightstand",$81.99,64
831,"Candy apple red Futon",$219.99,1
832,"Antique bronze Daybed",$311.99,5
833,"Bittersweet shimmer Crib",$289,31
834,"Orchid Stool",$54.99,18
835,"Dark sienna Nightstand",$81.99,88
836,"Vanilla ice Chaise Lounge",$235.99,57
837,"Lavender blue Coffee Table",$200,83
838,"Cardinal Stool",$54.99,40
839,"Telemagenta Bench",$114.99,96
840,"Raw sienna Dresser",$699.99,60
841,"British racing green Storage Bench",$194.99,57
842,"Dutch white Stool",$54.99,86
843,"Neon green Plant Stand",$42.99,96
844,"Red Salsa Wardrobe",$719.99,38
845,"Cobalt blue Wardrobe",$719.99,74
846,"Blue Nightstand",$81.99,93
847,"French sky blue Plant Stand",$42.99,30
848,"Syracuse Orange Sectional","$1,039.99",51
849,"Tan Dining Table",$800,71
850,"Pink Sectional","$1,039.99",28
851,"Bud green Chaise Lounge",$235.99,55
852,"Rose Dust Sectional","$1,039.99",78
853,"Bottle green Loveseat",$269.99,47
854,"Amaranth red Wardrobe",$719.99,74
855,"Columbia Blue Stool",$54.99,18
856,"Cerulean blue Ottoman",$52.99,64
857,"Middle purple Sleeper Sofa","$1,279.99",6
858,"Old mauve Crib",$289,34
859,"Razzmatazz Headboard",$222.99,67
860,"Royal blue Headboard",$222.99,68
861,"Blue sapphire Crib",$289,46
862,"Screamin' Green Daybed",$311.99,39
863,"English violet Dining Chair",$89.99,92
864,"Amethyst Bed",$389.99,32
865,"Salmon pink Futon",$219.99,70
866,"Light green End Table",$39.99,50
867,"Payne's grey Sectional","$1,039.99",48
868,"Taupe Bed",$389.99,65
869,"Dark spring green Sectional","$1,039.99",49
870,"Sonic silver Daybed",$311.99,49
871,"Field drab Headboard",$222.99,100
872,"Amaranth red Reclining Loveseat","$1,023.99",14
873,"Unbleached silk Coffee Table",$200,59
874,"Amaranth pink Reclining Loveseat","$1,023.99",76
875,"Dark red Dining Table",$800,70
876,"Mantis green Daybed",$311.99,57
877,"Red Salsa Loveseat",$269.99,49
878,"Rojo Spanish red Chaise Lounge",$235.99,79
879,"Rufous Plant Stand",$42.99,63
880,"Neon blue Bench",$114.99,66
881,"Shiny Shamrock Sectional","$1,039.99",48
882,"Quinacridone magenta Coffee Table",$200,18
883,"Wild watermelon Ottoman",$52.99,85
884,"Maximum blue purple Coffee Table",$200,26
885,"Azure Loveseat",$269.99,86
886,"Pale pink Dresser",$699.99,89
887,"Teal Loveseat",$269.99,70
888,"Dark cornflower blue Dresser",$699.99,48
889,"Little boy blue Nightstand",$81.99,13
890,"Bronze Reclining Sofa","$1,119.99",77
891,"Maximum green Sofa",$649.99,100
892,"Tea rose Stool",$54.99,57
893,"Ash gray Headboard",$222.99,8
894,"Russian violet Bed",$389.99,79
895,"Old lavender Sleeper Sofa","$1,279.99",71
896,"Harvest gold Storage Bench",$194.99,98
897,"Shamrock green Reclining Sofa","$1,119.99",53
898,"Gray Dresser",$699.99,70
899,"Congo pink Wardrobe",$719.99,7
900,"Brown Sofa",$649.99,48
901,"Dark lava Dresser",$699.99,47
902,"Hot magenta Dresser",$699.99,58
903,"Amethyst Bed",$389.99,27
904,"Dark electric blue Bed",$389.99,5
905,"Wine red Sofa",$649.99,85
906,"Wine red Dining Table",$800,65
907,"Metallic Sunburst Futon",$219.99,59
908,"Screamin' Green Plant Stand",$42.99,44
909,"Vivid sky blue End Table",$39.99,97
910,"Mode beige Storage Bench",$194.99,97
911,"French sky blue Futon",$219.99,81
912,"Yellow Sunshine Coffee Table",$200,29
913,"Opera mauve Nightstand",$81.99,34
914,"St. Patrick's blue Sleeper Sofa","$1,279.99",5
915,"Lawn green Bench",$114.99,58
916,"Plum Daybed",$311.99,84
917,"Dark sea green Crib",$289,47
918,"Bitter lime Sofa",$649.99,38
919,"Olivine Nightstand",$81.99,41
920,"Pearly purple Coffee Table",$200,95
921,"Black Wardrobe",$719.99,55
922,"Mulberry Sofa",$649.99,3
923,"Tuscan tan Stool",$54.99,93
924,"Electric indigo Sofa",$649.99,23
925,"Rosy brown Stool",$54.99,50
926,"Cosmic cobalt Coffee Table",$200,41
927,"Quick Silver Sofa",$649.99,29
928,"Titanium yellow Dining Chair",$89.99,7
929,"Laser lemon Dresser",$699.99,77
930,"Harvest gold Dining Chair",$89.99,19
931,"Glossy grape Bed",$389.99,29
932,"Mountbatten pink Reclining Sofa","$1,119.99",47
933,"Orange soda Loveseat",$269.99,58
934,"Malachite green Nightstand",$81.99,40
935,"May green Crib",$289,88
936,"Forest green Storage Bench",$194.99,87
937,"Tuscan brown Loveseat",$269.99,38
938,"Magenta Bed",$389.99,22
939,"Champagne pink Sofa",$649.99,0
940,"Gray Storage Bench",$194.99,28
941,"Tango pink Bed",$389.99,93
942,"Lavender gray Sectional","$1,039.99",48
943,"Burgundy Plant Stand",$42.99,27
944,"Pastel pink Storage Bench",$194.99,22
945,"Earth yellow Bed",$389.99,95
946,"Lapis lazuli Reclining Sofa","$1,119.99",13
947,"Sugar Plum Chaise Lounge",$235.99,54
948,"Ash gray Dining Chair",$89.99,75
949,"Pale cerulean Sleeper Sofa","$1,279.99",94
950,"English red Dining Table",$800,69
951,"Venetian red Reclining Loveseat","$1,023.99",97
952,"Light steel blue Dining Table",$800,80
953,"Pink Sherbet End Table",$39.99,98
954,"Russian violet Reclining Loveseat","$1,023.99",7
955,"Almond Reclining Sofa","$1,119.99",27
956,"Lemon glacier Ottoman",$52.99,4
957,"Chinese yellow Futon",$219.99,65
958,"Cerulean Nightstand",$81.99,36
959,"Cadmium orange Stool",$54.99,5
960,"Uranian blue Nightstand",$81.99,71
961,"Tiffany Blue Loveseat",$269.99,51
962,"Tufts blue Wardrobe",$719.99,46
963,"Pacific blue Reclining Sofa","$1,119.99",76
964,"Cool grey Ottoman",$52.99,6
965,"Rust Nightstand",$81.99,52
966,"Old lace Headboard",$222.99,47
967,"Process yellow Sleeper Sofa","$1,279.99",37
968,"Magenta haze Loveseat",$269.99,45
969,"French mauve Wardrobe",$719.99,30
970,"Copper Storage Bench",$194.99,35
